seq_length,v,w,nw_score,hb_score,nw_max_mem_a,hb_max_mem_a,nw_time_a,hb_time_a,nw_max_mem_s,hb_max_mem_s,nw_time_s,hb_time_s,nw_alignment,hb_alignment
0,,,0, 0, 62.15234375,62.1484375,6.270408630371094e-05,4.506111145019531e-05, 62.14453125,62.14453125,4.792213439941406e-05, 5.8650970458984375e-05, 	, 	
1,C,C,1, 1, 62.1640625,62.16015625,6.628036499023438e-05,8.845329284667969e-05, 62.16015625,62.16015625,5.269050598144531e-05, 5.817413330078125e-05, C	C, C	C
2,AA,GC,-2, -2, 62.16796875,62.16796875,6.556510925292969e-05,0.00013256072998046875, 62.1640625,62.1640625,6.0558319091796875e-05, 6.842613220214844e-05, AA	GC, AA	GC
3,TCG,TGG,1, 1, 62.16796875,62.16796875,8.559226989746094e-05,0.0001633167266845703, 62.16796875,62.16796875,6.937980651855469e-05, 7.367134094238281e-05, TCG	TGG, TCG	TGG
4,GCGA,TGAA,-1, -1, 62.17578125,62.16796875,0.00010538101196289062,0.000186920166015625, 62.16796875,62.16796875,7.867813110351562e-05, 9.107589721679688e-05, -GCGA	TG-AA, GCGA-	T-GAA
5,AAGAT,ATCGG,-2, -2, 62.17578125,62.17578125,0.0001163482666015625,0.0002391338348388672, 62.17578125,62.17578125,0.00010251998901367188, 9.608268737792969e-05, A-AGAT	ATCG-G, AA-GAT	ATCG-G
6,ACCGCA,ATCGTG,0, 0, 62.17578125,62.17578125,0.00013017654418945312,0.0002620220184326172, 62.17578125,62.17578125,9.799003601074219e-05, 0.00011181831359863281, ACCGCA	ATCGTG, ACCGCA	ATCGTG
7,GAGGTCG,GCAATTT,-2, -2, 62.17578125,62.17578125,0.0001423358917236328,0.0003120899200439453, 62.17578125,62.17578125,0.00011491775512695312, 0.00011944770812988281, G-AGGTCG	GCA-ATTT, G-AGGTCG	GCA-ATTT
8,CAGAGTAA,AGGCCAGG,-2, -2, 62.1796875,62.1796875,0.00018095970153808594,0.0003666877746582031, 62.1796875,62.17578125,0.00015807151794433594, 0.00014162063598632812, CAGAG-TA-A	-AG-GCCAGG, CAGAGTAA--	A-G-GCCAGG
9,CGTAGACTT,ATTGCGACA,-2, -2, 62.1796875,62.1796875,0.000209808349609375,0.00040268898010253906, 62.1796875,62.1796875,0.00016880035400390625, 0.00015425682067871094, CGT-AGACTT	ATTGCGAC-A, CGTA-GACTT	ATTGCGAC-A
